{
  "theta_opt_pde": [
    0.8071932892859036,
    0.19668593259975561,
    0.05872789046085215
  ],
  "J": 38.057545197236074
}