{
  "budget": "small",
  "theta_opt": [
    1.2,
    0.0051366395350194655,
    0.06502961319166803
  ],
  "J": 439.1077485985225,
  "nit": 10,
  "success": true
}