{
  "budget": "large",
  "eps": 0.007424389501567226,
  "theta_map": [
    1.1786832562836445,
    0.011682757560424573,
    0.06551078002072086
  ],
  "n_accept": 800
}