{
  "budget": "small",
  "eps": 0.007291703011474849,
  "theta_map": [
    1.178611832894935,
    0.03173044112629603,
    0.07838274729581242
  ],
  "n_accept": 40
}