{
  "budget": "medium",
  "eps": 0.007370332154560774,
  "theta_map": [
    1.1999709790229116,
    0.006026662113041526,
    0.09719519035089014
  ],
  "n_accept": 200
}