solver,Nx,Ny,dt,steps,time_sec,TB_final
explicit,64,64,0.0009070294784429326,5513,1.509612400084734,0.013443386535278672
semi_implicit,64,64,0.02,250,2.063728842884302,0.01148887782713774
explicit,96,96,0.00039889196675235456,12535,5.711240009404719,0.013574601032576081
semi_implicit,96,96,0.02,250,6.8937027314677835,0.011488863140674705
explicit,128,128,0.00022320044639717276,22402,15.424381780438125,0.0135848486892979
semi_implicit,128,128,0.02,250,13.111142398789525,0.011488856614189559
