param,tag,value,TB_final,time_sec
alpha_S,LO,0.4,0.014009943562657721,2.356186529621482
alpha_S,HI,1.2,0.008087158312388917,2.386786160990596
mu_max,LO,0.0,0.00768214796815561,2.368068126961589
mu_max,HI,0.1,0.010314539882048451,2.387417335063219
lam,LO,0.05,0.006628657642896082,2.368648760020733
lam,HI,0.5,0.01391063282546877,2.3515894087031484
sigma,LO,0.0,0.009096904865575682,2.387141043320298
sigma,HI,0.1,0.009077710663924567,2.441364482976496
