param,tag,value,TB_final,time_sec
alpha_S,LO,0.4,0.014009943562657732,1.4806606670008478
alpha_S,HI,1.2,0.00808715831238892,1.5069040840007801
mu_max,LO,0.0,0.007682147968155613,1.47445795800013
mu_max,HI,0.1,0.010314539882048458,1.4942442920000758
lam,LO,0.05,0.006628657642896084,1.483632540999679
lam,HI,0.5,0.01391063282546878,1.4971905410002364
sigma,LO,0.0,0.009096904865575687,1.482073416998901
sigma,HI,0.1,0.00907771066392457,1.492127374998745
