{
  "rmse_pinn_vs_pde": 0.0014533252572718235,
  "rmse_ode_vs_pde": 0.005676448925172951,
  "rmse_pinn_vs_ode": 0.005661845543866122,
  "mae_pinn_vs_pde": 0.0012455667180841035,
  "mae_ode_vs_pde": 0.004615948288604261,
  "mae_pinn_vs_ode": 0.004827938200096524
}